Timesteps,Total_Score
36097,0.0
36098,-1.1920928955078125e-07
36094,58.81113016605377
