Timesteps,Total_Score
291,649.7681248188019
291,649.7681248188019
291,649.7681248188019
291,649.7681248188019
291,649.7681248188019
291,649.7681248188019
