Timesteps,Total_Score
36096,0.0
36097,0.0
36095,703.8364294171333
36108,565.3457037210464
